{"cameraMode":{"drawMode":0,"name":"Shaded","section":"Shading Mode"},"sceneLighting":true,"audioPlay":false,"sceneViewState":{"showFog":true,"showMaterialUpdate":false,"showSkybox":true,"showFlares":true,"showImageEffects":true,"showParticleSystems":true},"in2DMode":false,"pivot":{"x":0.494403600692749,"y":-42.276153564453128,"z":-84.16282653808594},"rotation":{"x":0.14112646877765656,"y":-0.21815283596515656,"z":0.03205210343003273,"w":0.965262234210968},"size":2751.066162109375,"orthographic":false}