{"cameraMode":{"drawMode":0,"name":"Shaded","section":"Shading Mode"},"sceneLighting":true,"audioPlay":false,"sceneViewState":{"showFog":true,"showMaterialUpdate":false,"showSkybox":true,"showFlares":true,"showImageEffects":true,"showParticleSystems":true},"in2DMode":false,"pivot":{"x":6.958323001861572,"y":-10.63990306854248,"z":-41.74368667602539},"rotation":{"x":-0.17071449756622315,"y":0.8132385015487671,"z":-0.29391834139823916,"w":-0.4723474979400635},"size":42.45499801635742,"orthographic":false}