{"cameraMode":{"drawMode":0,"name":"Shaded","section":"Shading Mode"},"sceneLighting":false,"audioPlay":false,"sceneViewState":{"showFog":true,"showMaterialUpdate":false,"showSkybox":false,"showFlares":true,"showImageEffects":true,"showParticleSystems":true},"in2DMode":false,"pivot":{"x":3.3675129413604738,"y":-3.1481010913848879,"z":9.655637741088868},"rotation":{"x":-0.23290765285491944,"y":-0.16277067363262177,"z":0.03957407921552658,"w":-0.9579652547836304},"size":19.969348907470704,"orthographic":false}