{"cameraMode":{"drawMode":0,"name":"Shaded","section":"Shading Mode"},"sceneLighting":true,"audioPlay":false,"sceneViewState":{"showFog":true,"showMaterialUpdate":false,"showSkybox":true,"showFlares":true,"showImageEffects":true,"showParticleSystems":true},"in2DMode":false,"pivot":{"x":-41.27107238769531,"y":-11.206563949584961,"z":98.2020263671875},"rotation":{"x":0.057645563036203387,"y":-0.1949065774679184,"z":0.011472032405436039,"w":0.9790679812431336},"size":115.12216186523438,"orthographic":false}