{"cameraMode":{"drawMode":0,"name":"Shaded","section":"Shading Mode"},"sceneLighting":true,"audioPlay":false,"sceneViewState":{"showFog":true,"showMaterialUpdate":false,"showSkybox":true,"showFlares":true,"showImageEffects":true,"showParticleSystems":true},"in2DMode":false,"pivot":{"x":-26.851545333862306,"y":1.4239040613174439,"z":-52.5570182800293},"rotation":{"x":0.2380848526954651,"y":-0.6313341856002808,"z":0.21269850432872773,"w":0.7068943381309509},"size":22.0,"orthographic":false}