{"cameraMode":{"drawMode":0,"name":"Shaded","section":"Shading Mode"},"sceneLighting":true,"audioPlay":false,"sceneViewState":{"showFog":true,"showMaterialUpdate":false,"showSkybox":true,"showFlares":true,"showImageEffects":true,"showParticleSystems":true},"in2DMode":false,"pivot":{"x":179.22393798828126,"y":-646.0833740234375,"z":1126.470947265625},"rotation":{"x":-0.2516416013240814,"y":-0.06701058149337769,"z":0.017470000311732293,"w":-0.9653455018997192},"size":1413.66796875,"orthographic":false}