{"cameraMode":{"drawMode":0,"name":"Shaded","section":"Shading Mode"},"sceneLighting":true,"audioPlay":false,"sceneViewState":{"showFog":true,"showMaterialUpdate":false,"showSkybox":true,"showFlares":true,"showImageEffects":true,"showParticleSystems":true},"in2DMode":false,"pivot":{"x":-24.155506134033204,"y":-351.90557861328127,"z":74.56676483154297},"rotation":{"x":-0.5409587621688843,"y":0.07122186571359635,"z":-0.046038512140512469,"w":-0.8367717266082764},"size":415.093017578125,"orthographic":false}