{"cameraMode":{"drawMode":0,"name":"Shaded","section":"Shading Mode"},"sceneLighting":true,"audioPlay":false,"sceneViewState":{"showFog":true,"showMaterialUpdate":false,"showSkybox":true,"showFlares":true,"showImageEffects":true,"showParticleSystems":true},"in2DMode":false,"pivot":{"x":2.7321839332580568,"y":30.628849029541017,"z":-13.307973861694336},"rotation":{"x":-0.00993840117007494,"y":-0.8540236353874207,"z":0.5199694037437439,"w":-0.016431791707873346},"size":9.759927749633789,"orthographic":false}