{"cameraMode":{"drawMode":0,"name":"Shaded","section":"Shading Mode"},"sceneLighting":true,"audioPlay":false,"sceneViewState":{"showFog":true,"showMaterialUpdate":false,"showSkybox":true,"showFlares":true,"showImageEffects":true,"showParticleSystems":true},"in2DMode":false,"pivot":{"x":-3.8928866386413576,"y":2.3581290245056154,"z":2.5359690189361574},"rotation":{"x":0.21806372702121736,"y":-0.07544852048158646,"z":0.016912126913666726,"w":0.9728721976280212},"size":11.129158973693848,"orthographic":false}