{"cameraMode":{"drawMode":0,"name":"Shaded","section":"Shading Mode"},"sceneLighting":true,"audioPlay":false,"sceneViewState":{"showFog":true,"showMaterialUpdate":false,"showSkybox":true,"showFlares":true,"showImageEffects":true,"showParticleSystems":true},"in2DMode":false,"pivot":{"x":-1.552734375,"y":20.608572006225587,"z":-14.605762481689454},"rotation":{"x":-0.2824445068836212,"y":-0.13924376666545869,"z":0.04147643968462944,"w":-0.9482194185256958},"size":10.072017669677735,"orthographic":false}