{"cameraMode":{"drawMode":0,"name":"Shaded","section":"Shading Mode"},"sceneLighting":false,"audioPlay":false,"sceneViewState":{"showFog":true,"showMaterialUpdate":false,"showSkybox":false,"showFlares":true,"showImageEffects":true,"showParticleSystems":true},"in2DMode":false,"pivot":{"x":1.2478454113006592,"y":1.7294405698776246,"z":1.7500572204589844},"rotation":{"x":0.08712439239025116,"y":-0.04183349013328552,"z":0.0036482494324445726,"w":0.9953298568725586},"size":6.461855411529541,"orthographic":false}