{"cameraMode":{"drawMode":0,"name":"Shaded","section":"Shading Mode"},"sceneLighting":true,"audioPlay":false,"sceneViewState":{"showFog":true,"showMaterialUpdate":false,"showSkybox":true,"showFlares":true,"showImageEffects":true,"showParticleSystems":true},"in2DMode":false,"pivot":{"x":189.1988983154297,"y":-70.33763122558594,"z":17.118934631347658},"rotation":{"x":0.19272387027740479,"y":0.5931275486946106,"z":-0.14891229569911958,"w":0.7675113677978516},"size":192.00035095214845,"orthographic":false}