{"cameraMode":{"drawMode":0,"name":"Shaded","section":"Shading Mode"},"sceneLighting":false,"audioPlay":false,"sceneViewState":{"showFog":true,"showMaterialUpdate":false,"showSkybox":false,"showFlares":true,"showImageEffects":true,"showParticleSystems":true},"in2DMode":false,"pivot":{"x":8.234917640686036,"y":-4.085738658905029,"z":-10.218976974487305},"rotation":{"x":-0.10048717260360718,"y":-0.8923240900039673,"z":0.24551834166049958,"w":-0.3652213215827942},"size":19.969348907470704,"orthographic":false}