{"cameraMode":{"drawMode":0,"name":"Shaded","section":"Shading Mode"},"sceneLighting":true,"audioPlay":false,"sceneViewState":{"showFog":true,"showMaterialUpdate":false,"showSkybox":true,"showFlares":true,"showImageEffects":true,"showParticleSystems":true},"in2DMode":false,"pivot":{"x":-0.19998764991760255,"y":1.328952431678772,"z":-3.4070944786071779},"rotation":{"x":0.12017622590065003,"y":-0.6078407168388367,"z":0.09373067319393158,"w":0.7793257236480713},"size":3.7770230770111086,"orthographic":false}