{"cameraMode":{"drawMode":0,"name":"Shaded","section":"Shading Mode"},"sceneLighting":true,"audioPlay":false,"sceneViewState":{"showFog":true,"showMaterialUpdate":false,"showSkybox":true,"showFlares":true,"showImageEffects":true,"showParticleSystems":true},"in2DMode":false,"pivot":{"x":-16.58555793762207,"y":127.60468292236328,"z":-270.7887878417969},"rotation":{"x":0.2622692584991455,"y":0.1309313327074051,"z":-0.03594528138637543,"w":0.9554094672203064},"size":10.246047019958496,"orthographic":false}