{"cameraMode":{"drawMode":0,"name":"Shaded","section":"Shading Mode"},"sceneLighting":true,"audioPlay":false,"sceneViewState":{"showFog":true,"showMaterialUpdate":false,"showSkybox":true,"showFlares":true,"showImageEffects":true,"showParticleSystems":true},"in2DMode":false,"pivot":{"x":2.4955601692199709,"y":5.870676040649414,"z":-10.581327438354493},"rotation":{"x":0.10122895985841751,"y":0.02120974287390709,"z":-0.0020459359511733057,"w":0.9947607517242432},"size":22.0,"orthographic":false}