{"cameraMode":{"drawMode":0,"name":"Shaded","section":"Shading Mode"},"sceneLighting":true,"audioPlay":false,"sceneViewState":{"showFog":true,"showMaterialUpdate":false,"showSkybox":true,"showFlares":true,"showImageEffects":true,"showParticleSystems":true},"in2DMode":false,"pivot":{"x":198.06484985351563,"y":-84.87540435791016,"z":-59.860965728759769},"rotation":{"x":0.16442760825157166,"y":0.7567878365516663,"z":-0.208218052983284,"w":0.5975582599639893},"size":174.72032165527345,"orthographic":false}